label,image_path,image_width,image_height,is_validation
Early Antral,/content/follicles/Early Antral/Early Antral_4.jpg,476,481,TRUE
Early Antral,/content/follicles/Early Antral/Early Antral_5.jpg,614,669,FALSE
Early Antral,/content/follicles/Early Antral/Early Antral_7.jpg,995,875,FALSE
Early Antral,/content/follicles/Early Antral/Early Antral_6.jpg,670,631,FALSE
Early Antral,/content/follicles/Early Antral/Early Antral_2.jpg,347,347,FALSE
Early Antral,/content/follicles/Early Antral/Early Antral_3.jpg,449,357,TRUE
Early Antral,/content/follicles/Early Antral/Early Antral_1.jpg,376,366,FALSE
Early Antral,/content/follicles/Early Antral/Early Antral_0.jpg,257,318,FALSE
Early Antral,/content/follicles/Early Antral/Early Antral_8.jpg,1120,990,FALSE
Early Antral,/content/follicles/Early Antral/Early Antral_9.jpg,1393,1297,FALSE
Multi-oocytic,/content/follicles/Multi-oocytic/Multi-oocytic_39.jpg,295,201,TRUE
Multi-oocytic,/content/follicles/Multi-oocytic/Multi-oocytic_11.jpg,338,162,FALSE
Multi-oocytic,/content/follicles/Multi-oocytic/Multi-oocytic_10.jpg,223,273,FALSE
Multi-oocytic,/content/follicles/Multi-oocytic/Multi-oocytic_38.jpg,231,253,FALSE
Multi-oocytic,/content/follicles/Multi-oocytic/Multi-oocytic_12.jpg,252,191,FALSE
Multi-oocytic,/content/follicles/Multi-oocytic/Multi-oocytic_13.jpg,231,204,TRUE
Multi-oocytic,/content/follicles/Multi-oocytic/Multi-oocytic_17.jpg,250,204,FALSE
Multi-oocytic,/content/follicles/Multi-oocytic/Multi-oocytic_16.jpg,225,236,FALSE
Multi-oocytic,/content/follicles/Multi-oocytic/Multi-oocytic_14.jpg,157,318,FALSE
Multi-oocytic,/content/follicles/Multi-oocytic/Multi-oocytic_28.jpg,187,285,FALSE
Multi-oocytic,/content/follicles/Multi-oocytic/Multi-oocytic_29.jpg,243,243,TRUE
Multi-oocytic,/content/follicles/Multi-oocytic/Multi-oocytic_15.jpg,280,178,FALSE
Multi-oocytic,/content/follicles/Multi-oocytic/Multi-oocytic_66.jpg,261,252,FALSE
Multi-oocytic,/content/follicles/Multi-oocytic/Multi-oocytic_72.jpg,258,252,FALSE
Multi-oocytic,/content/follicles/Multi-oocytic/Multi-oocytic_99.jpg,309,321,FALSE
Multi-oocytic,/content/follicles/Multi-oocytic/Multi-oocytic_98.jpg,322,305,TRUE
Multi-oocytic,/content/follicles/Multi-oocytic/Multi-oocytic_73.jpg,274,255,FALSE
Multi-oocytic,/content/follicles/Multi-oocytic/Multi-oocytic_67.jpg,251,271,FALSE
Multi-oocytic,/content/follicles/Multi-oocytic/Multi-oocytic_59.jpg,220,324,FALSE
Multi-oocytic,/content/follicles/Multi-oocytic/Multi-oocytic_71.jpg,214,308,FALSE
Multi-oocytic,/content/follicles/Multi-oocytic/Multi-oocytic_65.jpg,216,283,TRUE
Multi-oocytic,/content/follicles/Multi-oocytic/Multi-oocytic_64.jpg,233,280,FALSE
Multi-oocytic,/content/follicles/Multi-oocytic/Multi-oocytic_70.jpg,286,240,FALSE
Multi-oocytic,/content/follicles/Multi-oocytic/Multi-oocytic_58.jpg,322,203,FALSE
Multi-oocytic,/content/follicles/Multi-oocytic/Multi-oocytic_9.jpg,190,293,FALSE
Multi-oocytic,/content/follicles/Multi-oocytic/Multi-oocytic_74.jpg,286,253,TRUE
Multi-oocytic,/content/follicles/Multi-oocytic/Multi-oocytic_60.jpg,324,201,FALSE
Multi-oocytic,/content/follicles/Multi-oocytic/Multi-oocytic_48.jpg,226,250,FALSE
Multi-oocytic,/content/follicles/Multi-oocytic/Multi-oocytic_49.jpg,241,240,FALSE
Multi-oocytic,/content/follicles/Multi-oocytic/Multi-oocytic_61.jpg,214,282,FALSE
Multi-oocytic,/content/follicles/Multi-oocytic/Multi-oocytic_75.jpg,246,284,TRUE
Multi-oocytic,/content/follicles/Multi-oocytic/Multi-oocytic_8.jpg,294,176,FALSE
Multi-oocytic,/content/follicles/Multi-oocytic/Multi-oocytic_63.jpg,174,352,FALSE
Multi-oocytic,/content/follicles/Multi-oocytic/Multi-oocytic_77.jpg,290,239,FALSE
Multi-oocytic,/content/follicles/Multi-oocytic/Multi-oocytic_88.jpg,268,318,FALSE
Multi-oocytic,/content/follicles/Multi-oocytic/Multi-oocytic_89.jpg,280,295,TRUE
Multi-oocytic,/content/follicles/Multi-oocytic/Multi-oocytic_76.jpg,275,246,FALSE
Multi-oocytic,/content/follicles/Multi-oocytic/Multi-oocytic_62.jpg,212,320,FALSE
Multi-oocytic,/content/follicles/Multi-oocytic/Multi-oocytic_6.jpg,228,213,FALSE
Multi-oocytic,/content/follicles/Multi-oocytic/Multi-oocytic_47.jpg,164,342,FALSE
Multi-oocytic,/content/follicles/Multi-oocytic/Multi-oocytic_53.jpg,251,228,TRUE
Multi-oocytic,/content/follicles/Multi-oocytic/Multi-oocytic_84.jpg,230,321,FALSE
Multi-oocytic,/content/follicles/Multi-oocytic/Multi-oocytic_90.jpg,240,333,FALSE
Multi-oocytic,/content/follicles/Multi-oocytic/Multi-oocytic_91.jpg,333,250,FALSE
Multi-oocytic,/content/follicles/Multi-oocytic/Multi-oocytic_85.jpg,211,355,FALSE
Multi-oocytic,/content/follicles/Multi-oocytic/Multi-oocytic_52.jpg,252,259,TRUE
Multi-oocytic,/content/follicles/Multi-oocytic/Multi-oocytic_46.jpg,244,253,FALSE
Multi-oocytic,/content/follicles/Multi-oocytic/Multi-oocytic_7.jpg,232,204,FALSE
Multi-oocytic,/content/follicles/Multi-oocytic/Multi-oocytic_5.jpg,214,231,FALSE
Multi-oocytic,/content/follicles/Multi-oocytic/Multi-oocytic_78.jpg,218,307,FALSE
Multi-oocytic,/content/follicles/Multi-oocytic/Multi-oocytic_50.jpg,268,228,TRUE
Multi-oocytic,/content/follicles/Multi-oocytic/Multi-oocytic_44.jpg,208,269,FALSE
Multi-oocytic,/content/follicles/Multi-oocytic/Multi-oocytic_93.jpg,298,266,FALSE
Multi-oocytic,/content/follicles/Multi-oocytic/Multi-oocytic_87.jpg,243,301,FALSE
Multi-oocytic,/content/follicles/Multi-oocytic/Multi-oocytic_86.jpg,286,275,FALSE
Multi-oocytic,/content/follicles/Multi-oocytic/Multi-oocytic_92.jpg,358,223,TRUE
Multi-oocytic,/content/follicles/Multi-oocytic/Multi-oocytic_45.jpg,255,241,FALSE
Multi-oocytic,/content/follicles/Multi-oocytic/Multi-oocytic_51.jpg,299,206,FALSE
Multi-oocytic,/content/follicles/Multi-oocytic/Multi-oocytic_79.jpg,312,227,FALSE
Multi-oocytic,/content/follicles/Multi-oocytic/Multi-oocytic_4.jpg,218,207,FALSE
Multi-oocytic,/content/follicles/Multi-oocytic/Multi-oocytic_0.jpg,289,151,TRUE
Multi-oocytic,/content/follicles/Multi-oocytic/Multi-oocytic_55.jpg,304,212,FALSE
Multi-oocytic,/content/follicles/Multi-oocytic/Multi-oocytic_41.jpg,244,245,FALSE
Multi-oocytic,/content/follicles/Multi-oocytic/Multi-oocytic_69.jpg,244,256,FALSE
Multi-oocytic,/content/follicles/Multi-oocytic/Multi-oocytic_96.jpg,275,310,FALSE
Multi-oocytic,/content/follicles/Multi-oocytic/Multi-oocytic_82.jpg,315,238,TRUE
Multi-oocytic,/content/follicles/Multi-oocytic/Multi-oocytic_83.jpg,274,292,FALSE
Multi-oocytic,/content/follicles/Multi-oocytic/Multi-oocytic_97.jpg,254,333,FALSE
Multi-oocytic,/content/follicles/Multi-oocytic/Multi-oocytic_68.jpg,214,305,FALSE
Multi-oocytic,/content/follicles/Multi-oocytic/Multi-oocytic_40.jpg,192,287,FALSE
Multi-oocytic,/content/follicles/Multi-oocytic/Multi-oocytic_54.jpg,207,290,TRUE
Multi-oocytic,/content/follicles/Multi-oocytic/Multi-oocytic_1.jpg,161,266,FALSE
Multi-oocytic,/content/follicles/Multi-oocytic/Multi-oocytic_3.jpg,183,261,FALSE
Multi-oocytic,/content/follicles/Multi-oocytic/Multi-oocytic_42.jpg,288,210,FALSE
Multi-oocytic,/content/follicles/Multi-oocytic/Multi-oocytic_56.jpg,260,265,FALSE
Multi-oocytic,/content/follicles/Multi-oocytic/Multi-oocytic_81.jpg,288,261,TRUE
Multi-oocytic,/content/follicles/Multi-oocytic/Multi-oocytic_95.jpg,284,312,FALSE
Multi-oocytic,/content/follicles/Multi-oocytic/Multi-oocytic_94.jpg,363,238,FALSE
Multi-oocytic,/content/follicles/Multi-oocytic/Multi-oocytic_80.jpg,253,279,FALSE
Multi-oocytic,/content/follicles/Multi-oocytic/Multi-oocytic_57.jpg,300,202,FALSE
Multi-oocytic,/content/follicles/Multi-oocytic/Multi-oocytic_43.jpg,242,230,TRUE
Multi-oocytic,/content/follicles/Multi-oocytic/Multi-oocytic_2.jpg,227,191,FALSE
Multi-oocytic,/content/follicles/Multi-oocytic/Multi-oocytic_18.jpg,258,219,FALSE
Multi-oocytic,/content/follicles/Multi-oocytic/Multi-oocytic_24.jpg,194,267,FALSE
Multi-oocytic,/content/follicles/Multi-oocytic/Multi-oocytic_30.jpg,212,246,FALSE
Multi-oocytic,/content/follicles/Multi-oocytic/Multi-oocytic_31.jpg,278,195,TRUE
Multi-oocytic,/content/follicles/Multi-oocytic/Multi-oocytic_25.jpg,289,196,FALSE
Multi-oocytic,/content/follicles/Multi-oocytic/Multi-oocytic_19.jpg,168,324,FALSE
Multi-oocytic,/content/follicles/Multi-oocytic/Multi-oocytic_33.jpg,304,180,FALSE
Multi-oocytic,/content/follicles/Multi-oocytic/Multi-oocytic_27.jpg,261,205,FALSE
Multi-oocytic,/content/follicles/Multi-oocytic/Multi-oocytic_26.jpg,330,171,TRUE
Multi-oocytic,/content/follicles/Multi-oocytic/Multi-oocytic_32.jpg,209,249,FALSE
Multi-oocytic,/content/follicles/Multi-oocytic/Multi-oocytic_36.jpg,196,301,FALSE
Multi-oocytic,/content/follicles/Multi-oocytic/Multi-oocytic_22.jpg,237,256,FALSE
Multi-oocytic,/content/follicles/Multi-oocytic/Multi-oocytic_23.jpg,223,255,FALSE
Multi-oocytic,/content/follicles/Multi-oocytic/Multi-oocytic_37.jpg,352,165,TRUE
Multi-oocytic,/content/follicles/Multi-oocytic/Multi-oocytic_21.jpg,236,236,FALSE
Multi-oocytic,/content/follicles/Multi-oocytic/Multi-oocytic_35.jpg,227,256,FALSE
Multi-oocytic,/content/follicles/Multi-oocytic/Multi-oocytic_34.jpg,347,174,FALSE
Multi-oocytic,/content/follicles/Multi-oocytic/Multi-oocytic_20.jpg,265,228,FALSE
Primordial,/content/follicles/Primordial/Primordial_79.jpg,255,220,TRUE
Primordial,/content/follicles/Primordial/Primordial_51.jpg,219,185,FALSE
Primordial,/content/follicles/Primordial/Primordial_162.jpg,277,193,FALSE
Primordial,/content/follicles/Primordial/Primordial_176.jpg,225,249,FALSE
Primordial,/content/follicles/Primordial/Primordial_8.jpg,199,217,FALSE
Primordial,/content/follicles/Primordial/Primordial_45.jpg,196,220,TRUE
Primordial,/content/follicles/Primordial/Primordial_189.jpg,226,245,FALSE
Primordial,/content/follicles/Primordial/Primordial_92.jpg,251,200,FALSE
Primordial,/content/follicles/Primordial/Primordial_86.jpg,214,217,FALSE
Primordial,/content/follicles/Primordial/Primordial_228.jpg,245,262,FALSE
Primordial,/content/follicles/Primordial/Primordial_214.jpg,263,229,TRUE
Primordial,/content/follicles/Primordial/Primordial_200.jpg,272,225,FALSE
Primordial,/content/follicles/Primordial/Primordial_201.jpg,251,245,FALSE
Primordial,/content/follicles/Primordial/Primordial_215.jpg,280,247,FALSE
Primordial,/content/follicles/Primordial/Primordial_229.jpg,275,242,FALSE
Primordial,/content/follicles/Primordial/Primordial_87.jpg,261,207,TRUE
Primordial,/content/follicles/Primordial/Primordial_93.jpg,233,215,FALSE
Primordial,/content/follicles/Primordial/Primordial_188.jpg,241,228,FALSE
Primordial,/content/follicles/Primordial/Primordial_9.jpg,189,219,FALSE
Primordial,/content/follicles/Primordial/Primordial_177.jpg,220,249,FALSE
Primordial,/content/follicles/Primordial/Primordial_44.jpg,190,226,TRUE
Primordial,/content/follicles/Primordial/Primordial_50.jpg,255,175,FALSE
Primordial,/content/follicles/Primordial/Primordial_163.jpg,236,222,FALSE
Primordial,/content/follicles/Primordial/Primordial_78.jpg,261,183,FALSE
Primordial,/content/follicles/Primordial/Primordial_149.jpg,220,223,FALSE
Primordial,/content/follicles/Primordial/Primordial_46.jpg,198,220,TRUE
Primordial,/content/follicles/Primordial/Primordial_175.jpg,267,201,FALSE
Primordial,/content/follicles/Primordial/Primordial_161.jpg,227,220,FALSE
Primordial,/content/follicles/Primordial/Primordial_52.jpg,203,222,FALSE
Primordial,/content/follicles/Primordial/Primordial_85.jpg,220,224,FALSE
Primordial,/content/follicles/Primordial/Primordial_91.jpg,230,205,TRUE
Primordial,/content/follicles/Primordial/Primordial_203.jpg,207,260,FALSE
Primordial,/content/follicles/Primordial/Primordial_217.jpg,249,231,FALSE
Primordial,/content/follicles/Primordial/Primordial_216.jpg,251,232,FALSE
Primordial,/content/follicles/Primordial/Primordial_202.jpg,233,263,FALSE
Primordial,/content/follicles/Primordial/Primordial_90.jpg,210,238,TRUE
Primordial,/content/follicles/Primordial/Primordial_84.jpg,231,199,FALSE
Primordial,/content/follicles/Primordial/Primordial_160.jpg,205,247,FALSE
Primordial,/content/follicles/Primordial/Primordial_53.jpg,184,242,FALSE
Primordial,/content/follicles/Primordial/Primordial_47.jpg,246,191,FALSE
Primordial,/content/follicles/Primordial/Primordial_174.jpg,223,250,TRUE
Primordial,/content/follicles/Primordial/Primordial_148.jpg,220,220,FALSE
Primordial,/content/follicles/Primordial/Primordial_170.jpg,183,294,FALSE
Primordial,/content/follicles/Primordial/Primordial_43.jpg,235,195,FALSE
Primordial,/content/follicles/Primordial/Primordial_57.jpg,196,223,FALSE
Primordial,/content/follicles/Primordial/Primordial_164.jpg,258,196,TRUE
Primordial,/content/follicles/Primordial/Primordial_158.jpg,231,234,FALSE
Primordial,/content/follicles/Primordial/Primordial_80.jpg,179,256,FALSE
Primordial,/content/follicles/Primordial/Primordial_94.jpg,165,291,FALSE
Primordial,/content/follicles/Primordial/Primordial_206.jpg,206,314,FALSE
Primordial,/content/follicles/Primordial/Primordial_212.jpg,248,263,TRUE
Primordial,/content/follicles/Primordial/Primordial_213.jpg,269,246,FALSE
Primordial,/content/follicles/Primordial/Primordial_207.jpg,241,253,FALSE
Primordial,/content/follicles/Primordial/Primordial_95.jpg,212,246,FALSE
Primordial,/content/follicles/Primordial/Primordial_81.jpg,223,217,FALSE
Primordial,/content/follicles/Primordial/Primordial_159.jpg,280,191,TRUE
Primordial,/content/follicles/Primordial/Primordial_56.jpg,205,220,FALSE
Primordial,/content/follicles/Primordial/Primordial_165.jpg,266,209,FALSE
Primordial,/content/follicles/Primordial/Primordial_171.jpg,212,243,FALSE
Primordial,/content/follicles/Primordial/Primordial_42.jpg,245,181,FALSE
Primordial,/content/follicles/Primordial/Primordial_167.jpg,254,211,TRUE
Primordial,/content/follicles/Primordial/Primordial_54.jpg,207,215,FALSE
Primordial,/content/follicles/Primordial/Primordial_40.jpg,233,184,FALSE
Primordial,/content/follicles/Primordial/Primordial_173.jpg,208,275,FALSE
Primordial,/content/follicles/Primordial/Primordial_68.jpg,162,275,FALSE
Primordial,/content/follicles/Primordial/Primordial_97.jpg,247,210,TRUE
Primordial,/content/follicles/Primordial/Primordial_83.jpg,213,213,FALSE
Primordial,/content/follicles/Primordial/Primordial_198.jpg,255,238,FALSE
Primordial,/content/follicles/Primordial/Primordial_211.jpg,267,245,FALSE
Primordial,/content/follicles/Primordial/Primordial_205.jpg,263,246,FALSE
Primordial,/content/follicles/Primordial/Primordial_239.jpg,250,303,TRUE
Primordial,/content/follicles/Primordial/Primordial_238.jpg,259,242,FALSE
Primordial,/content/follicles/Primordial/Primordial_204.jpg,266,230,FALSE
Primordial,/content/follicles/Primordial/Primordial_210.jpg,180,307,FALSE
Primordial,/content/follicles/Primordial/Primordial_199.jpg,274,228,FALSE
Primordial,/content/follicles/Primordial/Primordial_82.jpg,183,246,TRUE
Primordial,/content/follicles/Primordial/Primordial_96.jpg,190,225,FALSE
Primordial,/content/follicles/Primordial/Primordial_69.jpg,222,206,FALSE
Primordial,/content/follicles/Primordial/Primordial_41.jpg,208,223,FALSE
Primordial,/content/follicles/Primordial/Primordial_172.jpg,214,268,FALSE
Primordial,/content/follicles/Primordial/Primordial_166.jpg,255,228,TRUE
Primordial,/content/follicles/Primordial/Primordial_55.jpg,225,191,FALSE
Primordial,/content/follicles/Primordial/Primordial_129.jpg,219,234,FALSE
Primordial,/content/follicles/Primordial/Primordial_101.jpg,216,206,FALSE
Primordial,/content/follicles/Primordial/Primordial_32.jpg,242,175,FALSE
Primordial,/content/follicles/Primordial/Primordial_26.jpg,246,193,TRUE
Primordial,/content/follicles/Primordial/Primordial_115.jpg,185,243,FALSE
Primordial,/content/follicles/Primordial/Primordial_27.jpg,210,190,FALSE
Primordial,/content/follicles/Primordial/Primordial_114.jpg,254,229,FALSE
Primordial,/content/follicles/Primordial/Primordial_100.jpg,206,228,FALSE
Primordial,/content/follicles/Primordial/Primordial_33.jpg,223,227,TRUE
Primordial,/content/follicles/Primordial/Primordial_128.jpg,176,261,FALSE
Primordial,/content/follicles/Primordial/Primordial_19.jpg,246,222,FALSE
Primordial,/content/follicles/Primordial/Primordial_116.jpg,195,253,FALSE
Primordial,/content/follicles/Primordial/Primordial_25.jpg,240,184,FALSE
Primordial,/content/follicles/Primordial/Primordial_31.jpg,200,224,TRUE
Primordial,/content/follicles/Primordial/Primordial_102.jpg,231,203,FALSE
Primordial,/content/follicles/Primordial/Primordial_248.jpg,234,291,FALSE
Primordial,/content/follicles/Primordial/Primordial_249.jpg,260,270,FALSE
Primordial,/content/follicles/Primordial/Primordial_30.jpg,185,222,FALSE
Primordial,/content/follicles/Primordial/Primordial_103.jpg,243,210,TRUE
Primordial,/content/follicles/Primordial/Primordial_117.jpg,218,226,FALSE
Primordial,/content/follicles/Primordial/Primordial_24.jpg,235,169,FALSE
Primordial,/content/follicles/Primordial/Primordial_18.jpg,193,208,FALSE
Primordial,/content/follicles/Primordial/Primordial_20.jpg,216,198,FALSE
Primordial,/content/follicles/Primordial/Primordial_113.jpg,204,241,TRUE
Primordial,/content/follicles/Primordial/Primordial_107.jpg,218,252,FALSE
Primordial,/content/follicles/Primordial/Primordial_34.jpg,204,207,FALSE
Primordial,/content/follicles/Primordial/Primordial_106.jpg,186,260,FALSE
Primordial,/content/follicles/Primordial/Primordial_35.jpg,214,206,FALSE
Primordial,/content/follicles/Primordial/Primordial_21.jpg,240,177,TRUE
Primordial,/content/follicles/Primordial/Primordial_112.jpg,212,211,FALSE
Primordial,/content/follicles/Primordial/Primordial_37.jpg,174,254,FALSE
Primordial,/content/follicles/Primordial/Primordial_104.jpg,246,202,FALSE
Primordial,/content/follicles/Primordial/Primordial_110.jpg,199,254,FALSE
Primordial,/content/follicles/Primordial/Primordial_23.jpg,162,240,TRUE
Primordial,/content/follicles/Primordial/Primordial_138.jpg,197,250,FALSE
Primordial,/content/follicles/Primordial/Primordial_139.jpg,223,227,FALSE
Primordial,/content/follicles/Primordial/Primordial_111.jpg,180,262,FALSE
Primordial,/content/follicles/Primordial/Primordial_22.jpg,237,218,FALSE
Primordial,/content/follicles/Primordial/Primordial_36.jpg,192,228,TRUE
Primordial,/content/follicles/Primordial/Primordial_105.jpg,204,230,FALSE
Primordial,/content/follicles/Primordial/Primordial_108.jpg,225,222,FALSE
Primordial,/content/follicles/Primordial/Primordial_120.jpg,188,255,FALSE
Primordial,/content/follicles/Primordial/Primordial_13.jpg,163,237,FALSE
Primordial,/content/follicles/Primordial/Primordial_134.jpg,207,241,TRUE
Primordial,/content/follicles/Primordial/Primordial_242.jpg,214,297,FALSE
Primordial,/content/follicles/Primordial/Primordial_243.jpg,233,247,FALSE
Primordial,/content/follicles/Primordial/Primordial_135.jpg,244,224,FALSE
Primordial,/content/follicles/Primordial/Primordial_121.jpg,200,257,FALSE
Primordial,/content/follicles/Primordial/Primordial_12.jpg,181,212,TRUE
Primordial,/content/follicles/Primordial/Primordial_109.jpg,234,203,FALSE
Primordial,/content/follicles/Primordial/Primordial_38.jpg,205,211,FALSE
Primordial,/content/follicles/Primordial/Primordial_137.jpg,205,235,FALSE
Primordial,/content/follicles/Primordial/Primordial_10.jpg,205,210,FALSE
Primordial,/content/follicles/Primordial/Primordial_123.jpg,253,231,TRUE
Primordial,/content/follicles/Primordial/Primordial_241.jpg,303,231,FALSE
Primordial,/content/follicles/Primordial/Primordial_240.jpg,311,224,FALSE
Primordial,/content/follicles/Primordial/Primordial_11.jpg,176,218,FALSE
Primordial,/content/follicles/Primordial/Primordial_122.jpg,210,243,FALSE
Primordial,/content/follicles/Primordial/Primordial_136.jpg,182,252,TRUE
Primordial,/content/follicles/Primordial/Primordial_39.jpg,189,228,FALSE
Primordial,/content/follicles/Primordial/Primordial_132.jpg,223,226,FALSE
Primordial,/content/follicles/Primordial/Primordial_126.jpg,186,250,FALSE
Primordial,/content/follicles/Primordial/Primordial_15.jpg,193,217,FALSE
Primordial,/content/follicles/Primordial/Primordial_29.jpg,194,214,TRUE
Primordial,/content/follicles/Primordial/Primordial_244.jpg,267,245,FALSE
Primordial,/content/follicles/Primordial/Primordial_245.jpg,270,252,FALSE
Primordial,/content/follicles/Primordial/Primordial_28.jpg,237,197,FALSE
Primordial,/content/follicles/Primordial/Primordial_127.jpg,224,227,FALSE
Primordial,/content/follicles/Primordial/Primordial_14.jpg,224,212,TRUE
Primordial,/content/follicles/Primordial/Primordial_133.jpg,194,257,FALSE
Primordial,/content/follicles/Primordial/Primordial_16.jpg,209,220,FALSE
Primordial,/content/follicles/Primordial/Primordial_125.jpg,202,256,FALSE
Primordial,/content/follicles/Primordial/Primordial_131.jpg,216,248,FALSE
Primordial,/content/follicles/Primordial/Primordial_119.jpg,207,214,TRUE
Primordial,/content/follicles/Primordial/Primordial_247.jpg,270,250,FALSE
Primordial,/content/follicles/Primordial/Primordial_246.jpg,250,286,FALSE
Primordial,/content/follicles/Primordial/Primordial_118.jpg,229,227,FALSE
Primordial,/content/follicles/Primordial/Primordial_130.jpg,226,228,FALSE
Primordial,/content/follicles/Primordial/Primordial_17.jpg,202,207,TRUE
Primordial,/content/follicles/Primordial/Primordial_124.jpg,228,225,FALSE
Primordial,/content/follicles/Primordial/Primordial_1.jpg,213,190,FALSE
Primordial,/content/follicles/Primordial/Primordial_58.jpg,200,225,FALSE
Primordial,/content/follicles/Primordial/Primordial_70.jpg,215,200,FALSE
Primordial,/content/follicles/Primordial/Primordial_143.jpg,229,243,TRUE
Primordial,/content/follicles/Primordial/Primordial_157.jpg,223,246,FALSE
Primordial,/content/follicles/Primordial/Primordial_64.jpg,272,166,FALSE
Primordial,/content/follicles/Primordial/Primordial_180.jpg,254,234,FALSE
Primordial,/content/follicles/Primordial/Primordial_194.jpg,248,255,FALSE
Primordial,/content/follicles/Primordial/Primordial_209.jpg,220,281,TRUE
Primordial,/content/follicles/Primordial/Primordial_235.jpg,236,287,FALSE
Primordial,/content/follicles/Primordial/Primordial_221.jpg,258,248,FALSE
Primordial,/content/follicles/Primordial/Primordial_220.jpg,228,255,FALSE
Primordial,/content/follicles/Primordial/Primordial_234.jpg,272,241,FALSE
Primordial,/content/follicles/Primordial/Primordial_208.jpg,266,225,TRUE
Primordial,/content/follicles/Primordial/Primordial_195.jpg,282,225,FALSE
Primordial,/content/follicles/Primordial/Primordial_181.jpg,203,274,FALSE
Primordial,/content/follicles/Primordial/Primordial_156.jpg,205,254,FALSE
Primordial,/content/follicles/Primordial/Primordial_65.jpg,283,159,FALSE
Primordial,/content/follicles/Primordial/Primordial_71.jpg,204,212,TRUE
Primordial,/content/follicles/Primordial/Primordial_142.jpg,185,281,FALSE
Primordial,/content/follicles/Primordial/Primordial_59.jpg,193,234,FALSE
Primordial,/content/follicles/Primordial/Primordial_0.jpg,216,200,FALSE
Primordial,/content/follicles/Primordial/Primordial_168.jpg,249,226,FALSE
Primordial,/content/follicles/Primordial/Primordial_2.jpg,216,200,TRUE
Primordial,/content/follicles/Primordial/Primordial_67.jpg,207,227,FALSE
Primordial,/content/follicles/Primordial/Primordial_154.jpg,229,247,FALSE
Primordial,/content/follicles/Primordial/Primordial_140.jpg,228,245,FALSE
Primordial,/content/follicles/Primordial/Primordial_73.jpg,226,182,FALSE
Primordial,/content/follicles/Primordial/Primordial_98.jpg,206,230,TRUE
Primordial,/content/follicles/Primordial/Primordial_197.jpg,199,314,FALSE
Primordial,/content/follicles/Primordial/Primordial_183.jpg,214,244,FALSE
Primordial,/content/follicles/Primordial/Primordial_222.jpg,261,239,FALSE
Primordial,/content/follicles/Primordial/Primordial_236.jpg,255,289,FALSE
Primordial,/content/follicles/Primordial/Primordial_237.jpg,320,194,TRUE
Primordial,/content/follicles/Primordial/Primordial_223.jpg,210,291,FALSE
Primordial,/content/follicles/Primordial/Primordial_182.jpg,250,232,FALSE
Primordial,/content/follicles/Primordial/Primordial_196.jpg,286,209,FALSE
Primordial,/content/follicles/Primordial/Primordial_99.jpg,224,194,FALSE
Primordial,/content/follicles/Primordial/Primordial_141.jpg,243,208,TRUE
Primordial,/content/follicles/Primordial/Primordial_72.jpg,203,207,FALSE
Primordial,/content/follicles/Primordial/Primordial_66.jpg,182,251,FALSE
Primordial,/content/follicles/Primordial/Primordial_155.jpg,237,222,FALSE
Primordial,/content/follicles/Primordial/Primordial_3.jpg,175,252,FALSE
Primordial,/content/follicles/Primordial/Primordial_169.jpg,224,233,TRUE
Primordial,/content/follicles/Primordial/Primordial_151.jpg,249,215,FALSE
Primordial,/content/follicles/Primordial/Primordial_62.jpg,226,214,FALSE
Primordial,/content/follicles/Primordial/Primordial_76.jpg,232,218,FALSE
Primordial,/content/follicles/Primordial/Primordial_145.jpg,261,211,FALSE
Primordial,/content/follicles/Primordial/Primordial_179.jpg,244,250,TRUE
Primordial,/content/follicles/Primordial/Primordial_7.jpg,218,198,FALSE
Primordial,/content/follicles/Primordial/Primordial_192.jpg,246,241,FALSE
Primordial,/content/follicles/Primordial/Primordial_186.jpg,273,224,FALSE
Primordial,/content/follicles/Primordial/Primordial_89.jpg,232,237,FALSE
Primordial,/content/follicles/Primordial/Primordial_227.jpg,279,245,TRUE
Primordial,/content/follicles/Primordial/Primordial_233.jpg,230,294,FALSE
Primordial,/content/follicles/Primordial/Primordial_232.jpg,294,240,FALSE
Primordial,/content/follicles/Primordial/Primordial_226.jpg,274,230,FALSE
Primordial,/content/follicles/Primordial/Primordial_88.jpg,200,224,FALSE
Primordial,/content/follicles/Primordial/Primordial_187.jpg,293,196,TRUE
Primordial,/content/follicles/Primordial/Primordial_193.jpg,223,250,FALSE
Primordial,/content/follicles/Primordial/Primordial_6.jpg,209,246,FALSE
Primordial,/content/follicles/Primordial/Primordial_178.jpg,197,313,FALSE
Primordial,/content/follicles/Primordial/Primordial_77.jpg,208,220,FALSE
Primordial,/content/follicles/Primordial/Primordial_144.jpg,253,203,TRUE
Primordial,/content/follicles/Primordial/Primordial_150.jpg,258,204,FALSE
Primordial,/content/follicles/Primordial/Primordial_63.jpg,200,228,FALSE
Primordial,/content/follicles/Primordial/Primordial_146.jpg,233,234,FALSE
Primordial,/content/follicles/Primordial/Primordial_75.jpg,191,242,FALSE
Primordial,/content/follicles/Primordial/Primordial_61.jpg,171,270,TRUE
Primordial,/content/follicles/Primordial/Primordial_152.jpg,221,239,FALSE
Primordial,/content/follicles/Primordial/Primordial_4.jpg,200,202,FALSE
Primordial,/content/follicles/Primordial/Primordial_49.jpg,186,229,FALSE
Primordial,/content/follicles/Primordial/Primordial_185.jpg,237,235,FALSE
Primordial,/content/follicles/Primordial/Primordial_191.jpg,275,194,TRUE
Primordial,/content/follicles/Primordial/Primordial_230.jpg,273,237,FALSE
Primordial,/content/follicles/Primordial/Primordial_224.jpg,252,259,FALSE
Primordial,/content/follicles/Primordial/Primordial_218.jpg,276,242,FALSE
Primordial,/content/follicles/Primordial/Primordial_219.jpg,237,257,FALSE
Primordial,/content/follicles/Primordial/Primordial_225.jpg,255,263,TRUE
Primordial,/content/follicles/Primordial/Primordial_231.jpg,295,223,FALSE
Primordial,/content/follicles/Primordial/Primordial_190.jpg,271,241,FALSE
Primordial,/content/follicles/Primordial/Primordial_184.jpg,249,257,FALSE
Primordial,/content/follicles/Primordial/Primordial_5.jpg,209,225,FALSE
Primordial,/content/follicles/Primordial/Primordial_48.jpg,197,236,TRUE
Primordial,/content/follicles/Primordial/Primordial_60.jpg,183,257,FALSE
Primordial,/content/follicles/Primordial/Primordial_153.jpg,234,225,FALSE
Primordial,/content/follicles/Primordial/Primordial_147.jpg,242,222,FALSE
Primordial,/content/follicles/Primordial/Primordial_74.jpg,158,278,FALSE
Primary,/content/follicles/Primary/Primary_61.jpg,218,230,TRUE
Primary,/content/follicles/Primary/Primary_75.jpg,239,220,FALSE
Primary,/content/follicles/Primary/Primary_49.jpg,254,232,FALSE
Primary,/content/follicles/Primary/Primary_48.jpg,278,207,FALSE
Primary,/content/follicles/Primary/Primary_74.jpg,214,239,FALSE
Primary,/content/follicles/Primary/Primary_60.jpg,275,198,TRUE
Primary,/content/follicles/Primary/Primary_76.jpg,229,209,FALSE
Primary,/content/follicles/Primary/Primary_62.jpg,231,236,FALSE
Primary,/content/follicles/Primary/Primary_63.jpg,324,222,FALSE
Primary,/content/follicles/Primary/Primary_77.jpg,210,244,FALSE
Primary,/content/follicles/Primary/Primary_73.jpg,210,209,TRUE
Primary,/content/follicles/Primary/Primary_67.jpg,249,201,FALSE
Primary,/content/follicles/Primary/Primary_66.jpg,231,229,FALSE
Primary,/content/follicles/Primary/Primary_72.jpg,227,229,FALSE
Primary,/content/follicles/Primary/Primary_58.jpg,285,167,FALSE
Primary,/content/follicles/Primary/Primary_64.jpg,194,230,TRUE
Primary,/content/follicles/Primary/Primary_70.jpg,246,203,FALSE
Primary,/content/follicles/Primary/Primary_71.jpg,187,269,FALSE
Primary,/content/follicles/Primary/Primary_65.jpg,261,164,FALSE
Primary,/content/follicles/Primary/Primary_59.jpg,238,189,FALSE
Primary,/content/follicles/Primary/Primary_16.jpg,325,247,TRUE
Primary,/content/follicles/Primary/Primary_17.jpg,280,262,FALSE
Primary,/content/follicles/Primary/Primary_15.jpg,242,322,FALSE
Primary,/content/follicles/Primary/Primary_29.jpg,305,212,FALSE
Primary,/content/follicles/Primary/Primary_28.jpg,238,266,FALSE
Primary,/content/follicles/Primary/Primary_14.jpg,249,271,TRUE
Primary,/content/follicles/Primary/Primary_9.jpg,309,284,FALSE
Primary,/content/follicles/Primary/Primary_38.jpg,271,250,FALSE
Primary,/content/follicles/Primary/Primary_10.jpg,300,263,FALSE
Primary,/content/follicles/Primary/Primary_11.jpg,279,286,FALSE
Primary,/content/follicles/Primary/Primary_39.jpg,270,259,TRUE
Primary,/content/follicles/Primary/Primary_8.jpg,277,286,FALSE
Primary,/content/follicles/Primary/Primary_13.jpg,244,302,FALSE
Primary,/content/follicles/Primary/Primary_12.jpg,218,307,FALSE
Primary,/content/follicles/Primary/Primary_6.jpg,256,268,FALSE
Primary,/content/follicles/Primary/Primary_23.jpg,282,266,TRUE
Primary,/content/follicles/Primary/Primary_37.jpg,269,246,FALSE
Primary,/content/follicles/Primary/Primary_36.jpg,253,255,FALSE
Primary,/content/follicles/Primary/Primary_22.jpg,252,260,FALSE
Primary,/content/follicles/Primary/Primary_7.jpg,303,269,FALSE
Primary,/content/follicles/Primary/Primary_5.jpg,267,265,TRUE
Primary,/content/follicles/Primary/Primary_34.jpg,268,250,FALSE
Primary,/content/follicles/Primary/Primary_20.jpg,303,232,FALSE
Primary,/content/follicles/Primary/Primary_21.jpg,235,289,FALSE
Primary,/content/follicles/Primary/Primary_35.jpg,224,267,FALSE
Primary,/content/follicles/Primary/Primary_4.jpg,272,331,TRUE
Primary,/content/follicles/Primary/Primary_0.jpg,292,314,FALSE
Primary,/content/follicles/Primary/Primary_19.jpg,263,228,FALSE
Primary,/content/follicles/Primary/Primary_31.jpg,245,288,FALSE
Primary,/content/follicles/Primary/Primary_25.jpg,284,242,FALSE
Primary,/content/follicles/Primary/Primary_24.jpg,239,282,TRUE
Primary,/content/follicles/Primary/Primary_30.jpg,320,216,FALSE
Primary,/content/follicles/Primary/Primary_18.jpg,238,254,FALSE
Primary,/content/follicles/Primary/Primary_1.jpg,232,324,FALSE
Primary,/content/follicles/Primary/Primary_3.jpg,286,284,FALSE
Primary,/content/follicles/Primary/Primary_26.jpg,262,267,TRUE
Primary,/content/follicles/Primary/Primary_32.jpg,231,311,FALSE
Primary,/content/follicles/Primary/Primary_33.jpg,249,254,FALSE
Primary,/content/follicles/Primary/Primary_27.jpg,230,270,FALSE
Primary,/content/follicles/Primary/Primary_2.jpg,248,335,FALSE
Primary,/content/follicles/Primary/Primary_40.jpg,242,251,TRUE
Primary,/content/follicles/Primary/Primary_54.jpg,271,260,FALSE
Primary,/content/follicles/Primary/Primary_68.jpg,230,230,FALSE
Primary,/content/follicles/Primary/Primary_69.jpg,194,259,FALSE
Primary,/content/follicles/Primary/Primary_55.jpg,229,233,FALSE
Primary,/content/follicles/Primary/Primary_41.jpg,228,294,TRUE
Primary,/content/follicles/Primary/Primary_57.jpg,223,220,FALSE
Primary,/content/follicles/Primary/Primary_43.jpg,238,238,FALSE
Primary,/content/follicles/Primary/Primary_42.jpg,270,233,FALSE
Primary,/content/follicles/Primary/Primary_56.jpg,220,220,FALSE
Primary,/content/follicles/Primary/Primary_52.jpg,241,238,TRUE
Primary,/content/follicles/Primary/Primary_46.jpg,220,266,FALSE
Primary,/content/follicles/Primary/Primary_47.jpg,247,217,FALSE
Primary,/content/follicles/Primary/Primary_53.jpg,209,256,FALSE
Primary,/content/follicles/Primary/Primary_79.jpg,209,222,FALSE
Primary,/content/follicles/Primary/Primary_45.jpg,253,213,TRUE
Primary,/content/follicles/Primary/Primary_51.jpg,187,306,FALSE
Primary,/content/follicles/Primary/Primary_50.jpg,235,271,FALSE
Primary,/content/follicles/Primary/Primary_44.jpg,231,257,FALSE
Primary,/content/follicles/Primary/Primary_78.jpg,223,222,FALSE
Transitional Primordial,/content/follicles/Transitional Primordial/Transitional Primordial_77.jpg,225,206,TRUE
Transitional Primordial,/content/follicles/Transitional Primordial/Transitional Primordial_63.jpg,233,224,FALSE
Transitional Primordial,/content/follicles/Transitional Primordial/Transitional Primordial_88.jpg,220,212,FALSE
Transitional Primordial,/content/follicles/Transitional Primordial/Transitional Primordial_129.jpg,236,229,FALSE
Transitional Primordial,/content/follicles/Transitional Primordial/Transitional Primordial_101.jpg,206,194,FALSE
Transitional Primordial,/content/follicles/Transitional Primordial/Transitional Primordial_115.jpg,191,203,TRUE
Transitional Primordial,/content/follicles/Transitional Primordial/Transitional Primordial_114.jpg,198,190,FALSE
Transitional Primordial,/content/follicles/Transitional Primordial/Transitional Primordial_100.jpg,185,218,FALSE
Transitional Primordial,/content/follicles/Transitional Primordial/Transitional Primordial_128.jpg,173,183,FALSE
Transitional Primordial,/content/follicles/Transitional Primordial/Transitional Primordial_89.jpg,229,197,FALSE
Transitional Primordial,/content/follicles/Transitional Primordial/Transitional Primordial_62.jpg,248,204,TRUE
Transitional Primordial,/content/follicles/Transitional Primordial/Transitional Primordial_76.jpg,199,251,FALSE
Transitional Primordial,/content/follicles/Transitional Primordial/Transitional Primordial_60.jpg,196,257,FALSE
Transitional Primordial,/content/follicles/Transitional Primordial/Transitional Primordial_74.jpg,187,230,FALSE
Transitional Primordial,/content/follicles/Transitional Primordial/Transitional Primordial_48.jpg,207,244,FALSE
Transitional Primordial,/content/follicles/Transitional Primordial/Transitional Primordial_116.jpg,185,193,TRUE
Transitional Primordial,/content/follicles/Transitional Primordial/Transitional Primordial_102.jpg,222,180,FALSE
Transitional Primordial,/content/follicles/Transitional Primordial/Transitional Primordial_103.jpg,223,185,FALSE
Transitional Primordial,/content/follicles/Transitional Primordial/Transitional Primordial_117.jpg,217,170,FALSE
Transitional Primordial,/content/follicles/Transitional Primordial/Transitional Primordial_49.jpg,202,271,FALSE
Transitional Primordial,/content/follicles/Transitional Primordial/Transitional Primordial_75.jpg,214,216,TRUE
Transitional Primordial,/content/follicles/Transitional Primordial/Transitional Primordial_61.jpg,220,233,FALSE
Transitional Primordial,/content/follicles/Transitional Primordial/Transitional Primordial_59.jpg,201,267,FALSE
Transitional Primordial,/content/follicles/Transitional Primordial/Transitional Primordial_65.jpg,251,201,FALSE
Transitional Primordial,/content/follicles/Transitional Primordial/Transitional Primordial_71.jpg,198,242,FALSE
Transitional Primordial,/content/follicles/Transitional Primordial/Transitional Primordial_113.jpg,204,182,TRUE
Transitional Primordial,/content/follicles/Transitional Primordial/Transitional Primordial_107.jpg,188,196,FALSE
Transitional Primordial,/content/follicles/Transitional Primordial/Transitional Primordial_106.jpg,202,184,FALSE
Transitional Primordial,/content/follicles/Transitional Primordial/Transitional Primordial_112.jpg,191,186,FALSE
Transitional Primordial,/content/follicles/Transitional Primordial/Transitional Primordial_70.jpg,223,262,FALSE
Transitional Primordial,/content/follicles/Transitional Primordial/Transitional Primordial_64.jpg,226,239,TRUE
Transitional Primordial,/content/follicles/Transitional Primordial/Transitional Primordial_58.jpg,237,223,FALSE
Transitional Primordial,/content/follicles/Transitional Primordial/Transitional Primordial_72.jpg,246,181,FALSE
Transitional Primordial,/content/follicles/Transitional Primordial/Transitional Primordial_66.jpg,220,228,FALSE
Transitional Primordial,/content/follicles/Transitional Primordial/Transitional Primordial_99.jpg,229,228,FALSE
Transitional Primordial,/content/follicles/Transitional Primordial/Transitional Primordial_104.jpg,234,175,TRUE
Transitional Primordial,/content/follicles/Transitional Primordial/Transitional Primordial_110.jpg,237,153,FALSE
Transitional Primordial,/content/follicles/Transitional Primordial/Transitional Primordial_111.jpg,182,197,FALSE
Transitional Primordial,/content/follicles/Transitional Primordial/Transitional Primordial_105.jpg,183,213,FALSE
Transitional Primordial,/content/follicles/Transitional Primordial/Transitional Primordial_98.jpg,165,267,FALSE
Transitional Primordial,/content/follicles/Transitional Primordial/Transitional Primordial_67.jpg,225,217,TRUE
Transitional Primordial,/content/follicles/Transitional Primordial/Transitional Primordial_73.jpg,215,202,FALSE
Transitional Primordial,/content/follicles/Transitional Primordial/Transitional Primordial_14.jpg,277,293,FALSE
Transitional Primordial,/content/follicles/Transitional Primordial/Transitional Primordial_28.jpg,249,231,FALSE
Transitional Primordial,/content/follicles/Transitional Primordial/Transitional Primordial_29.jpg,235,255,FALSE
Transitional Primordial,/content/follicles/Transitional Primordial/Transitional Primordial_15.jpg,309,223,TRUE
Transitional Primordial,/content/follicles/Transitional Primordial/Transitional Primordial_17.jpg,297,249,FALSE
Transitional Primordial,/content/follicles/Transitional Primordial/Transitional Primordial_16.jpg,233,310,FALSE
Transitional Primordial,/content/follicles/Transitional Primordial/Transitional Primordial_9.jpg,241,328,FALSE
Transitional Primordial,/content/follicles/Transitional Primordial/Transitional Primordial_12.jpg,335,242,FALSE
Transitional Primordial,/content/follicles/Transitional Primordial/Transitional Primordial_13.jpg,245,300,TRUE
Transitional Primordial,/content/follicles/Transitional Primordial/Transitional Primordial_8.jpg,312,239,FALSE
Transitional Primordial,/content/follicles/Transitional Primordial/Transitional Primordial_39.jpg,252,220,FALSE
Transitional Primordial,/content/follicles/Transitional Primordial/Transitional Primordial_11.jpg,312,253,FALSE
Transitional Primordial,/content/follicles/Transitional Primordial/Transitional Primordial_10.jpg,267,307,FALSE
Transitional Primordial,/content/follicles/Transitional Primordial/Transitional Primordial_38.jpg,266,240,TRUE
Transitional Primordial,/content/follicles/Transitional Primordial/Transitional Primordial_6.jpg,283,281,FALSE
Transitional Primordial,/content/follicles/Transitional Primordial/Transitional Primordial_35.jpg,308,176,FALSE
Transitional Primordial,/content/follicles/Transitional Primordial/Transitional Primordial_21.jpg,246,274,FALSE
Transitional Primordial,/content/follicles/Transitional Primordial/Transitional Primordial_20.jpg,295,265,FALSE
Transitional Primordial,/content/follicles/Transitional Primordial/Transitional Primordial_34.jpg,246,248,TRUE
Transitional Primordial,/content/follicles/Transitional Primordial/Transitional Primordial_7.jpg,322,232,FALSE
Transitional Primordial,/content/follicles/Transitional Primordial/Transitional Primordial_5.jpg,364,212,FALSE
Transitional Primordial,/content/follicles/Transitional Primordial/Transitional Primordial_22.jpg,254,278,FALSE
Transitional Primordial,/content/follicles/Transitional Primordial/Transitional Primordial_36.jpg,278,210,FALSE
Transitional Primordial,/content/follicles/Transitional Primordial/Transitional Primordial_37.jpg,220,277,TRUE
Transitional Primordial,/content/follicles/Transitional Primordial/Transitional Primordial_23.jpg,252,262,FALSE
Transitional Primordial,/content/follicles/Transitional Primordial/Transitional Primordial_4.jpg,304,276,FALSE
Transitional Primordial,/content/follicles/Transitional Primordial/Transitional Primordial_0.jpg,393,302,FALSE
Transitional Primordial,/content/follicles/Transitional Primordial/Transitional Primordial_27.jpg,270,272,FALSE
Transitional Primordial,/content/follicles/Transitional Primordial/Transitional Primordial_33.jpg,245,269,TRUE
Transitional Primordial,/content/follicles/Transitional Primordial/Transitional Primordial_32.jpg,276,230,FALSE
Transitional Primordial,/content/follicles/Transitional Primordial/Transitional Primordial_26.jpg,248,274,FALSE
Transitional Primordial,/content/follicles/Transitional Primordial/Transitional Primordial_1.jpg,390,267,FALSE
Transitional Primordial,/content/follicles/Transitional Primordial/Transitional Primordial_3.jpg,288,335,FALSE
Transitional Primordial,/content/follicles/Transitional Primordial/Transitional Primordial_18.jpg,259,279,TRUE
Transitional Primordial,/content/follicles/Transitional Primordial/Transitional Primordial_30.jpg,292,266,FALSE
Transitional Primordial,/content/follicles/Transitional Primordial/Transitional Primordial_24.jpg,217,282,FALSE
Transitional Primordial,/content/follicles/Transitional Primordial/Transitional Primordial_25.jpg,244,242,FALSE
Transitional Primordial,/content/follicles/Transitional Primordial/Transitional Primordial_31.jpg,238,253,FALSE
Transitional Primordial,/content/follicles/Transitional Primordial/Transitional Primordial_19.jpg,209,320,TRUE
Transitional Primordial,/content/follicles/Transitional Primordial/Transitional Primordial_2.jpg,316,316,FALSE
Transitional Primordial,/content/follicles/Transitional Primordial/Transitional Primordial_56.jpg,192,244,FALSE
Transitional Primordial,/content/follicles/Transitional Primordial/Transitional Primordial_42.jpg,235,229,FALSE
Transitional Primordial,/content/follicles/Transitional Primordial/Transitional Primordial_95.jpg,204,215,FALSE
Transitional Primordial,/content/follicles/Transitional Primordial/Transitional Primordial_81.jpg,237,201,TRUE
Transitional Primordial,/content/follicles/Transitional Primordial/Transitional Primordial_108.jpg,220,208,FALSE
Transitional Primordial,/content/follicles/Transitional Primordial/Transitional Primordial_120.jpg,161,199,FALSE
Transitional Primordial,/content/follicles/Transitional Primordial/Transitional Primordial_121.jpg,187,166,FALSE
Transitional Primordial,/content/follicles/Transitional Primordial/Transitional Primordial_109.jpg,170,207,FALSE
Transitional Primordial,/content/follicles/Transitional Primordial/Transitional Primordial_80.jpg,226,210,TRUE
Transitional Primordial,/content/follicles/Transitional Primordial/Transitional Primordial_94.jpg,211,243,FALSE
Transitional Primordial,/content/follicles/Transitional Primordial/Transitional Primordial_43.jpg,195,286,FALSE
Transitional Primordial,/content/follicles/Transitional Primordial/Transitional Primordial_57.jpg,227,235,FALSE
Transitional Primordial,/content/follicles/Transitional Primordial/Transitional Primordial_41.jpg,246,230,FALSE
Transitional Primordial,/content/follicles/Transitional Primordial/Transitional Primordial_55.jpg,243,193,TRUE
Transitional Primordial,/content/follicles/Transitional Primordial/Transitional Primordial_69.jpg,230,210,FALSE
Transitional Primordial,/content/follicles/Transitional Primordial/Transitional Primordial_82.jpg,218,204,FALSE
Transitional Primordial,/content/follicles/Transitional Primordial/Transitional Primordial_96.jpg,223,196,FALSE
Transitional Primordial,/content/follicles/Transitional Primordial/Transitional Primordial_123.jpg,156,206,FALSE
Transitional Primordial,/content/follicles/Transitional Primordial/Transitional Primordial_122.jpg,192,179,TRUE
Transitional Primordial,/content/follicles/Transitional Primordial/Transitional Primordial_97.jpg,219,174,FALSE
Transitional Primordial,/content/follicles/Transitional Primordial/Transitional Primordial_83.jpg,215,224,FALSE
Transitional Primordial,/content/follicles/Transitional Primordial/Transitional Primordial_68.jpg,211,239,FALSE
Transitional Primordial,/content/follicles/Transitional Primordial/Transitional Primordial_54.jpg,203,254,FALSE
Transitional Primordial,/content/follicles/Transitional Primordial/Transitional Primordial_40.jpg,249,243,TRUE
Transitional Primordial,/content/follicles/Transitional Primordial/Transitional Primordial_78.jpg,241,206,FALSE
Transitional Primordial,/content/follicles/Transitional Primordial/Transitional Primordial_44.jpg,229,234,FALSE
Transitional Primordial,/content/follicles/Transitional Primordial/Transitional Primordial_50.jpg,242,243,FALSE
Transitional Primordial,/content/follicles/Transitional Primordial/Transitional Primordial_87.jpg,256,199,FALSE
Transitional Primordial,/content/follicles/Transitional Primordial/Transitional Primordial_93.jpg,220,205,TRUE
Transitional Primordial,/content/follicles/Transitional Primordial/Transitional Primordial_126.jpg,198,189,FALSE
Transitional Primordial,/content/follicles/Transitional Primordial/Transitional Primordial_127.jpg,170,170,FALSE
Transitional Primordial,/content/follicles/Transitional Primordial/Transitional Primordial_92.jpg,208,230,FALSE
Transitional Primordial,/content/follicles/Transitional Primordial/Transitional Primordial_86.jpg,193,211,FALSE
Transitional Primordial,/content/follicles/Transitional Primordial/Transitional Primordial_51.jpg,232,251,TRUE
Transitional Primordial,/content/follicles/Transitional Primordial/Transitional Primordial_45.jpg,208,253,FALSE
Transitional Primordial,/content/follicles/Transitional Primordial/Transitional Primordial_79.jpg,200,225,FALSE
Transitional Primordial,/content/follicles/Transitional Primordial/Transitional Primordial_53.jpg,243,227,FALSE
Transitional Primordial,/content/follicles/Transitional Primordial/Transitional Primordial_47.jpg,236,261,FALSE
Transitional Primordial,/content/follicles/Transitional Primordial/Transitional Primordial_90.jpg,224,198,TRUE
Transitional Primordial,/content/follicles/Transitional Primordial/Transitional Primordial_84.jpg,233,211,FALSE
Transitional Primordial,/content/follicles/Transitional Primordial/Transitional Primordial_125.jpg,211,185,FALSE
Transitional Primordial,/content/follicles/Transitional Primordial/Transitional Primordial_119.jpg,206,174,FALSE
Transitional Primordial,/content/follicles/Transitional Primordial/Transitional Primordial_118.jpg,174,198,FALSE
Transitional Primordial,/content/follicles/Transitional Primordial/Transitional Primordial_124.jpg,132,230,TRUE
Transitional Primordial,/content/follicles/Transitional Primordial/Transitional Primordial_85.jpg,202,200,FALSE
Transitional Primordial,/content/follicles/Transitional Primordial/Transitional Primordial_91.jpg,224,207,FALSE
Transitional Primordial,/content/follicles/Transitional Primordial/Transitional Primordial_46.jpg,269,211,FALSE
Transitional Primordial,/content/follicles/Transitional Primordial/Transitional Primordial_52.jpg,223,228,FALSE
Secondary,/content/follicles/Secondary/Secondary_34.jpg,248,278,TRUE
Secondary,/content/follicles/Secondary/Secondary_20.jpg,300,336,FALSE
Secondary,/content/follicles/Secondary/Secondary_21.jpg,239,224,FALSE
Secondary,/content/follicles/Secondary/Secondary_35.jpg,314,356,FALSE
Secondary,/content/follicles/Secondary/Secondary_9.jpg,465,412,FALSE
Secondary,/content/follicles/Secondary/Secondary_23.jpg,420,476,TRUE
Secondary,/content/follicles/Secondary/Secondary_37.jpg,268,280,FALSE
Secondary,/content/follicles/Secondary/Secondary_36.jpg,273,344,FALSE
Secondary,/content/follicles/Secondary/Secondary_22.jpg,197,242,FALSE
Secondary,/content/follicles/Secondary/Secondary_8.jpg,216,283,FALSE
Secondary,/content/follicles/Secondary/Secondary_26.jpg,348,392,TRUE
Secondary,/content/follicles/Secondary/Secondary_32.jpg,634,668,FALSE
Secondary,/content/follicles/Secondary/Secondary_33.jpg,356,270,FALSE
Secondary,/content/follicles/Secondary/Secondary_27.jpg,220,215,FALSE
Secondary,/content/follicles/Secondary/Secondary_19.jpg,394,307,FALSE
Secondary,/content/follicles/Secondary/Secondary_31.jpg,620,613,TRUE
Secondary,/content/follicles/Secondary/Secondary_25.jpg,345,308,FALSE
Secondary,/content/follicles/Secondary/Secondary_24.jpg,224,250,FALSE
Secondary,/content/follicles/Secondary/Secondary_30.jpg,412,434,FALSE
Secondary,/content/follicles/Secondary/Secondary_18.jpg,320,304,FALSE
Secondary,/content/follicles/Secondary/Secondary_3.jpg,188,210,TRUE
Secondary,/content/follicles/Secondary/Secondary_15.jpg,650,704,FALSE
Secondary,/content/follicles/Secondary/Secondary_29.jpg,262,346,FALSE
Secondary,/content/follicles/Secondary/Secondary_28.jpg,956,852,FALSE
Secondary,/content/follicles/Secondary/Secondary_14.jpg,501,345,FALSE
Secondary,/content/follicles/Secondary/Secondary_2.jpg,423,411,TRUE
Secondary,/content/follicles/Secondary/Secondary_0.jpg,289,245,FALSE
Secondary,/content/follicles/Secondary/Secondary_16.jpg,142,174,FALSE
Secondary,/content/follicles/Secondary/Secondary_17.jpg,364,496,FALSE
Secondary,/content/follicles/Secondary/Secondary_1.jpg,339,417,FALSE
Secondary,/content/follicles/Secondary/Secondary_5.jpg,300,300,TRUE
Secondary,/content/follicles/Secondary/Secondary_13.jpg,203,193,FALSE
Secondary,/content/follicles/Secondary/Secondary_12.jpg,286,302,FALSE
Secondary,/content/follicles/Secondary/Secondary_4.jpg,215,240,FALSE
Secondary,/content/follicles/Secondary/Secondary_6.jpg,273,325,FALSE
Secondary,/content/follicles/Secondary/Secondary_38.jpg,189,235,TRUE
Secondary,/content/follicles/Secondary/Secondary_10.jpg,358,353,FALSE
Secondary,/content/follicles/Secondary/Secondary_11.jpg,560,676,FALSE
Secondary,/content/follicles/Secondary/Secondary_39.jpg,268,252,FALSE
Secondary,/content/follicles/Secondary/Secondary_7.jpg,220,240,FALSE